"Category","Product Name","Approximate Price (USD)","Payment Plan Available (Amazon Monthly Payments or BNPL via 3rd Party)"
"Electronics","Echo Dot (5th Gen, 2022 release)","$49.99","Likely"
"Electronics","Fire TV Stick 4K Max","$54.99","Likely"
"Electronics","Apple AirTags (4-Pack)","$89.00","Likely"
"Electronics","Kindle Paperwhite (8 GB)","$139.99","Likely"
"Electronics","Apple AirPods Pro (2nd Gen)","$249.00","Likely"
"Electronics","Anker PowerCore 10000 Portable Charger","$21.99","Unlikely"
"Electronics","USB Wall Charger and Surge Protector","$21.00","Unlikely"
"Electronics","Bkayp Apple MFi Certified iPhone Charger (3-Pack)","$13.00","Unlikely"
"Electronics","Portable Bluetooth Speaker (JBL or similar)","$40.00","Likely"
"Electronics","Smart Plug (Amazon brand or Kasa)","$25.00","Unlikely"
"Home & Kitchen","Stanley Adventure Quencher 40oz Travel Tumbler","$45.00","Unlikely"
"Home & Kitchen","Amazon Basics Microfiber Cleaning Cloths (24-Pack)","$13.99","Unlikely"
"Home & Kitchen","Instant Pot Duo 7-in-1","$79.00","Likely"
"Home & Kitchen","Ninja AF101 Air Fryer","$79.99","Likely"
"Home & Kitchen","Queen Size 4 Piece Sheet Set (CGK Unlimited or similar)","$30.00","Unlikely"
"Home & Kitchen","Sealegend Dryer Vent Cleaner Kit","$20.00","Unlikely"
"Home & Kitchen","Washing Machine Cleaner Tablets (Sugelary or similar)","$20.00","Unlikely"
"Home & Kitchen","Coffee Pod Organizer (K-Cup Drawer)","$35.00","Unlikely"
"Home & Kitchen","Robot Vacuum Cleaner (Eufy or iRobot)","$200.00+","Likely"
"Home & Kitchen","Air Purifier (Levoit or similar)","$100.00+","Likely"
"Home & Kitchen","Stanley Stainless Steel Quencher (1.64 million units sold in 2024)","$45.00","Unlikely"
"Beauty & Personal Care","Mighty Patch (Pimple Patches)","$12.99","Unlikely"
"Beauty & Personal Care","CeraVe Daily Moisturizing Lotion (22,100 daily units)","$15.97","Unlikely"
"Beauty & Personal Care","The Ordinary Hyaluronic Acid 2% + B5 Serum","$8.90","Unlikely"
"Beauty & Personal Care","CeraVe Eye Repair Cream with Hyaluronic Acid","$24.00","Unlikely"
"Beauty & Personal Care","REMEDIAL PAX Face Moisturizer Retinol Cream","$23.00","Unlikely"
"Beauty & Personal Care","Botanic Hearth Rosemary Oil For Hair","$19.00","Unlikely"
"Beauty & Personal Care","Salt & Stone Natural Deodorant","$20.00","Unlikely"
"Beauty & Personal Care","DUcare Kabuki Foundation Brush","$10.00","Unlikely"
"Beauty & Personal Care","Heatless Curling Set (Hair Rollers)","$15.00","Unlikely"
"Health & Household","Bounty Paper Towels (Monthly avg. sales 198k)","$30.00","Unlikely"
"Health & Household","Gorilla Grip Patented Bath Mat","$23.00","Unlikely"
"Health & Household","Digestive Supplements (e.g., Probiotics)","$25.00","Unlikely"
"Health & Household","Multivitamin Supplements (e.g., Gummy Vitamins)","$20.00","Unlikely"
"Health & Household","Hand Sanitizer (Bulk Pack)","$15.00","Unlikely"
"Health & Household","Soluna Solar Eclipse Glasses","$10.00","Unlikely"
"Clothing, Shoes & Jewelry","Hanes Men's EcoSmart Hoodie (20,500 daily units)","$15.00","Unlikely"
"Clothing, Shoes & Jewelry","Crocs Unisex Classic Clogs","$34.99","Unlikely"
"Clothing, Shoes & Jewelry","Wool Beanie/Hat","$15.00","Unlikely"
"Clothing, Shoes & Jewelry","Pendant Necklace (Gold or Silver Plated)","$19.00","Unlikely"
"Clothing, Shoes & Jewelry","T-shirts (Pack of 5, Amazon Essentials or similar)","$25.00","Unlikely"
"Clothing, Shoes & Jewelry","Women's Leggings/Yoga Pants","$20.00","Unlikely"
"Toys & Games","Classic Dice Game (e.g., Yahtzee or Monopoly Deal)","$15.00","Unlikely"
"Toys & Games","LEGO Classic Creative Box","$30.00","Unlikely"
"Toys & Games","Kids' Toddler Talking Flash Cards","$25.00","Unlikely"
"Toys & Games","Magnet Building Tiles","$35.00","Unlikely"
"Toys & Games","Sensory Toys (Fidget Packs)","$10.00","Unlikely"
"Sports & Outdoors","Hot Hand Hand Warmer (Bulk Pack)","$25.00","Unlikely"
"Sports & Outdoors","Sports Water Bottle (Insulated)","$20.00","Unlikely"
"Sports & Outdoors","Exercise Workout Bands (Resistance Bands Set)","$15.00","Unlikely"
"Sports & Outdoors","AstroAI Car Window Cleaner/Squeegee","$19.00","Unlikely"
"Sports & Outdoors","Jump Rope (Weighted or adjustable)","$15.00","Unlikely"
"Baby","Baby Diapers (Monthly avg. sales 87k)","$45.00","Unlikely"
"Baby","Baby Wipes (Bulk Box)","$20.00","Unlikely"
"Baby","Baby Car Seat/Stroller Combo","$200.00+","Likely"
"Pet Supplies","Cat Litter (Large Container)","$25.00","Unlikely"
"Pet Supplies","Dog Toys for Aggressive Chewers","$15.00","Unlikely"
"Pet Supplies","Cat Water Fountain","$35.00","Unlikely"
"Automotive","Peektook Mini Chainsaw (Battery Powered)","$70.00","Likely"
"Automotive","Power Bank Solar Charger","$49.00","Likely"